Base,Head,Filename,Base Commit Date,Head Commit Date
ed1f4876aa0a403bea52926bc09b1d4e1c05d469,215b0790fd7ee7668132bd6b6606620a9455af04,calamares_diff110.json,2023-10-03T13:04:33Z,2023-10-03T14:18:06Z
54d0e7dc530075479dde23ac4fb9546182c53c32,125f54d830f95d7e0464fc54dcb840de70470dfa,calamares_diff113.json,2023-10-03T11:53:30Z,2023-10-03T11:56:58Z
74a5d7614597418ab5c9c8f3e1d79165534337d2,445f1c0f56047697de6cba3519102a277aa16bee,calamares_diff123.json,2023-09-28T20:21:25Z,2023-09-28T20:22:43Z
4499d7590d59886c55c987ad2850bd67288facf3,74a5d7614597418ab5c9c8f3e1d79165534337d2,calamares_diff124.json,2023-09-28T20:14:31Z,2023-09-28T20:21:25Z
7b5a2ad68c14b38f62f22466aa091085553fe873,4499d7590d59886c55c987ad2850bd67288facf3,calamares_diff125.json,2023-09-28T20:13:23Z,2023-09-28T20:14:31Z
0eb84acc4b2d6bd906fd68967d91d0fa76c19fdc,7b5a2ad68c14b38f62f22466aa091085553fe873,calamares_diff126.json,2023-09-28T20:05:07Z,2023-09-28T20:13:23Z
675d17fe59576ffd3ec7b49f29aad6185c5e92a3,0eb84acc4b2d6bd906fd68967d91d0fa76c19fdc,calamares_diff127.json,2023-09-28T20:04:07Z,2023-09-28T20:05:07Z
aef757cc2087fb4cf920de3ede6f2372a6b0b872,675d17fe59576ffd3ec7b49f29aad6185c5e92a3,calamares_diff128.json,2023-09-28T19:56:56Z,2023-09-28T20:04:07Z
889d78deed17ca5254749a71c2e0cee544f801f7,3637914aea778abe59440f2b0732e433d5fc8857,calamares_diff131.json,2023-09-28T19:50:35Z,2023-09-28T19:52:11Z
7ece6f9d2c0004b1b221cccd1828f454c6bb303e,889d78deed17ca5254749a71c2e0cee544f801f7,calamares_diff132.json,2023-09-28T19:40:05Z,2023-09-28T19:50:35Z
364e940a9a78aed3e82d0e83afd20ef765af9925,0cc8842c42e055f80460fc982880e252a259163e,calamares_diff134.json,2023-09-28T18:56:09Z,2023-09-28T19:34:52Z
1efb12e3320d879fee1eadd82dc1dcdf19368c27,a62f060fdd73db638a40d22f2f7340fd80bb9d70,calamares_diff141.json,2023-09-11T18:40:10Z,2023-09-11T18:46:55Z
472c07008ede3ae5f996bb2e3be7b7f9860acaa3,63b7ecb97efe335462a0f2043896d579a2ecb53f,calamares_diff156.json,2023-09-10T18:23:19Z,2023-09-10T19:10:02Z
f3f5bd8a5d2a6dc9cc1f0560542c195628d0b6d1,1b9d8b1f9189a416582818aeb0b926e3a4e2d9e2,calamares_diff158.json,2023-09-10T17:53:31Z,2023-09-10T18:23:06Z
57746be66e7dfb3bbc0a53a8d2ca222c37992dcb,7f51aac81bf682f747eedbda40e88ab2787a5b18,calamares_diff167.json,2023-09-07T21:45:57Z,2023-09-07T21:47:39Z
8f836969eb71f84df2da3ec8e075a81e49aeeb7f,30f65a0b62fa7a96fc5cf2f5360228cd562fae4a,calamares_diff207.json,2023-09-03T21:04:12Z,2023-09-03T21:11:28Z
f804965a8db5b06e5b41a7302ec032ef85c48d25,ef47932debdae6d3062384ae7eaae717a2c66968,calamares_diff255.json,2023-08-27T20:54:37Z,2023-08-28T19:55:58Z
